"Influencer","TV","Radio","Social.Media","Sales","Rank","Name","Instagram Name","Category 1","Category 2","Followers","Country","Engagement","Avg Engagement"
"Macro","High",29.86234905,0.917605295,276.1736609,"770","amadorat","N I C O L E   A M A D O 游낼","Fashion","Lifestyle",8300000,"Mexico","351.8K","393.2K"
"Macro","High",31.36438375,7.209496962,269.9524569,"770","amadorat","N I C O L E   A M A D O 游낼","Fashion","Lifestyle",8300000,"Mexico","351.8K","393.2K"
"Macro","Medium",15.79333037,1.878801595,148.7902583,"770","amadorat","N I C O L E   A M A D O 游낼","Fashion","Lifestyle",8300000,"Mexico","351.8K","393.2K"
"Macro","Low",12.26220119,0.43813494,136.5561795,"770","amadorat","N I C O L E   A M A D O 游낼","Fashion","Lifestyle",8300000,"Mexico","351.8K","393.2K"
"Macro","Low",15.26673306,2.205879856,88.96782897,"770","amadorat","N I C O L E   A M A D O 游낼","Fashion","Lifestyle",8300000,"Mexico","351.8K","393.2K"
"Macro","Medium",16.05487189,1.791704679,219.7573225,"770","amadorat","N I C O L E   A M A D O 游낼","Fashion","Lifestyle",8300000,"Mexico","351.8K","393.2K"
"Macro","Low",1.171320283,2.402996799,47.39172408,"770","amadorat","N I C O L E   A M A D O 游낼","Fashion","Lifestyle",8300000,"Mexico","351.8K","393.2K"
"Macro","Medium",15.1421411,2.24962288,240.107728,"770","amadorat","N I C O L E   A M A D O 游낼","Fashion","Lifestyle",8300000,"Mexico","351.8K","393.2K"
"Macro","Medium",12.6218375,0.618199397,157.508248,"770","amadorat","N I C O L E   A M A D O 游낼","Fashion","Lifestyle",8300000,"Mexico","351.8K","393.2K"
"Macro","High",21.26967221,4.21270956,263.8948274,"770","amadorat","N I C O L E   A M A D O 游낼","Fashion","Lifestyle",8300000,"Mexico","351.8K","393.2K"
"Macro","Medium",17.79137836,4.621131863,201.9085053,"770","amadorat","N I C O L E   A M A D O 游낼","Fashion","Lifestyle",8300000,"Mexico","351.8K","393.2K"
"Macro","Low",13.68520147,2.216926901,61.63307421,"770","amadorat","N I C O L E   A M A D O 游낼","Fashion","Lifestyle",8300000,"Mexico","351.8K","393.2K"
"Macro","Low",8.852094414,0.041494349,101.8731014,"770","amadorat","N I C O L E   A M A D O 游낼","Fashion","Lifestyle",8300000,"Mexico","351.8K","393.2K"
"Macro","Medium",17.04016276,3.156623295,190.4596035,"770","amadorat","N I C O L E   A M A D O 游낼","Fashion","Lifestyle",8300000,"Mexico","351.8K","393.2K"
"Macro","Medium",15.56981304,0.539963086,219.1485184,"770","amadorat","N I C O L E   A M A D O 游낼","Fashion","Lifestyle",8300000,"Mexico","351.8K","393.2K"
"Macro","Low",4.799850688,0.570028459,90.33315235,"770","amadorat","N I C O L E   A M A D O 游낼","Fashion","Lifestyle",8300000,"Mexico","351.8K","393.2K"
"Macro","Low",11.41121511,1.302072125,66.21969665,"770","amadorat","N I C O L E   A M A D O 游낼","Fashion","Lifestyle",8300000,"Mexico","351.8K","393.2K"
"Macro","Low",1.228081695,1.523414744,33.50980953,"770","amadorat","N I C O L E   A M A D O 游낼","Fashion","Lifestyle",8300000,"Mexico","351.8K","393.2K"
"Macro","High",30.93431708,4.066906068,251.1436688,"770","amadorat","N I C O L E   A M A D O 游낼","Fashion","Lifestyle",8300000,"Mexico","351.8K","393.2K"
"Macro","Medium",18.16916172,0.137570341,204.3054142,"770","amadorat","N I C O L E   A M A D O 游낼","Fashion","Lifestyle",8300000,"Mexico","351.8K","393.2K"
"Macro","High",37.55223206,6.093938019,348.6783865,"770","amadorat","N I C O L E   A M A D O 游낼","Fashion","Lifestyle",8300000,"Mexico","351.8K","393.2K"
"Macro","High",31.10307277,6.854287446,322.6051055,"770","amadorat","N I C O L E   A M A D O 游낼","Fashion","Lifestyle",8300000,"Mexico","351.8K","393.2K"
"Macro","Low",12.90902808,4.127052774,84.23062597,"770","amadorat","N I C O L E   A M A D O 游낼","Fashion","Lifestyle",8300000,"Mexico","351.8K","393.2K"
"Macro","Medium",6.591213206,0.763794602,168.0750508,"770","amadorat","N I C O L E   A M A D O 游낼","Fashion","Lifestyle",8300000,"Mexico","351.8K","393.2K"
"Macro","Low",7.486313376,3.155098432,49.4566405,"770","amadorat","N I C O L E   A M A D O 游낼","Fashion","Lifestyle",8300000,"Mexico","351.8K","393.2K"
"Macro","Medium",14.07755898,0.062540126,170.4688777,"770","amadorat","N I C O L E   A M A D O 游낼","Fashion","Lifestyle",8300000,"Mexico","351.8K","393.2K"
"Macro","Low",9.748085525,0.409903698,85.23791476,"770","amadorat","N I C O L E   A M A D O 游낼","Fashion","Lifestyle",8300000,"Mexico","351.8K","393.2K"
"Macro","Medium",12.9152275,4.690735711,178.1451554,"770","amadorat","N I C O L E   A M A D O 游낼","Fashion","Lifestyle",8300000,"Mexico","351.8K","393.2K"
"Macro","High",27.53643281,8.981325852,336.4318516,"770","amadorat","N I C O L E   A M A D O 游낼","Fashion","Lifestyle",8300000,"Mexico","351.8K","393.2K"
"Macro","Low",11.79752103,0.279324759,52.31974763,"770","amadorat","N I C O L E   A M A D O 游낼","Fashion","Lifestyle",8300000,"Mexico","351.8K","393.2K"
"Macro","High",28.78290675,7.412178995,351.5295188,"770","amadorat","N I C O L E   A M A D O 游낼","Fashion","Lifestyle",8300000,"Mexico","351.8K","393.2K"
"Macro","Medium",13.35489142,6.071647853,180.6283071,"770","amadorat","N I C O L E   A M A D O 游낼","Fashion","Lifestyle",8300000,"Mexico","351.8K","393.2K"
"Macro","Medium",10.70403354,3.313741031,192.2201481,"770","amadorat","N I C O L E   A M A D O 游낼","Fashion","Lifestyle",8300000,"Mexico","351.8K","393.2K"
"Macro","Medium",18.89275737,6.418796387,202.5339757,"770","amadorat","N I C O L E   A M A D O 游낼","Fashion","Lifestyle",8300000,"Mexico","351.8K","393.2K"
"Macro","Medium",19.69648546,3.041314013,167.5101119,"770","amadorat","N I C O L E   A M A D O 游낼","Fashion","Lifestyle",8300000,"Mexico","351.8K","393.2K"
"Macro","Low",0.388039549,1.104823047,52.03837385,"770","amadorat","N I C O L E   A M A D O 游낼","Fashion","Lifestyle",8300000,"Mexico","351.8K","393.2K"
"Macro","High",35.90697485,5.440589084,291.3133157,"770","amadorat","N I C O L E   A M A D O 游낼","Fashion","Lifestyle",8300000,"Mexico","351.8K","393.2K"
"Macro","High",28.66004546,3.637390017,321.7444568,"770","amadorat","N I C O L E   A M A D O 游낼","Fashion","Lifestyle",8300000,"Mexico","351.8K","393.2K"
"Macro","Medium",8.41713121,4.06002921,156.8844243,"770","amadorat","N I C O L E   A M A D O 游낼","Fashion","Lifestyle",8300000,"Mexico","351.8K","393.2K"
"Macro","Low",4.693662632,2.156240536,34.56679012,"770","amadorat","N I C O L E   A M A D O 游낼","Fashion","Lifestyle",8300000,"Mexico","351.8K","393.2K"
"Macro","Medium",12.69509229,3.88458384,162.1913335,"770","amadorat","N I C O L E   A M A D O 游낼","Fashion","Lifestyle",8300000,"Mexico","351.8K","393.2K"
"Macro","Medium",15.02521022,4.47224007,151.7553952,"770","amadorat","N I C O L E   A M A D O 游낼","Fashion","Lifestyle",8300000,"Mexico","351.8K","393.2K"
"Macro","Low",2.334265598,0.061268949,94.63760923,"770","amadorat","N I C O L E   A M A D O 游낼","Fashion","Lifestyle",8300000,"Mexico","351.8K","393.2K"
"Macro","Low",5.515064497,0.767888515,36.30549977,"770","amadorat","N I C O L E   A M A D O 游낼","Fashion","Lifestyle",8300000,"Mexico","351.8K","393.2K"
"Macro","Medium",15.32217522,4.379749933,222.6967685,"770","amadorat","N I C O L E   A M A D O 游낼","Fashion","Lifestyle",8300000,"Mexico","351.8K","393.2K"
"Macro","Low",23.74013807,2.669949446,137.1688236,"770","amadorat","N I C O L E   A M A D O 游낼","Fashion","Lifestyle",8300000,"Mexico","351.8K","393.2K"
"Macro","Medium",20.88550566,0.552810251,202.7919917,"770","amadorat","N I C O L E   A M A D O 游낼","Fashion","Lifestyle",8300000,"Mexico","351.8K","393.2K"
"Macro","Medium",10.77079934,4.423494837,161.5821401,"770","amadorat","N I C O L E   A M A D O 游낼","Fashion","Lifestyle",8300000,"Mexico","351.8K","393.2K"
"Macro","Low",16.2792597,5.187613793,119.4727749,"770","amadorat","N I C O L E   A M A D O 游낼","Fashion","Lifestyle",8300000,"Mexico","351.8K","393.2K"
"Macro","High",36.11609149,3.67429598,353.8046387,"770","amadorat","N I C O L E   A M A D O 游낼","Fashion","Lifestyle",8300000,"Mexico","351.8K","393.2K"
"Macro","Low",6.233073586,3.695362555,45.07483438,"770","amadorat","N I C O L E   A M A D O 游낼","Fashion","Lifestyle",8300000,"Mexico","351.8K","393.2K"
"Macro","High",18.42630998,3.158669402,316.3148646,"770","amadorat","N I C O L E   A M A D O 游낼","Fashion","Lifestyle",8300000,"Mexico","351.8K","393.2K"
"Macro","Low",1.61910271,2.938538282,57.90089101,"770","amadorat","N I C O L E   A M A D O 游낼","Fashion","Lifestyle",8300000,"Mexico","351.8K","393.2K"
"Macro","High",17.40233918,4.550484424,282.6928978,"770","amadorat","N I C O L E   A M A D O 游낼","Fashion","Lifestyle",8300000,"Mexico","351.8K","393.2K"
"Macro","Low",5.529660156,1.538808526,71.37816586,"770","amadorat","N I C O L E   A M A D O 游낼","Fashion","Lifestyle",8300000,"Mexico","351.8K","393.2K"
"Macro","Medium",18.30859625,3.349844406,232.8098953,"770","amadorat","N I C O L E   A M A D O 游낼","Fashion","Lifestyle",8300000,"Mexico","351.8K","393.2K"
"Macro","Low",17.17151486,4.116564215,139.0004943,"770","amadorat","N I C O L E   A M A D O 游낼","Fashion","Lifestyle",8300000,"Mexico","351.8K","393.2K"
"Macro","High",26.31231351,5.591730811,264.5447223,"770","amadorat","N I C O L E   A M A D O 游낼","Fashion","Lifestyle",8300000,"Mexico","351.8K","393.2K"
"Macro","Low",6.527093405,4.829395036,89.66739821,"770","amadorat","N I C O L E   A M A D O 游낼","Fashion","Lifestyle",8300000,"Mexico","351.8K","393.2K"
"Macro","Low",5.446337263,3.734724378,62.79673032,"770","amadorat","N I C O L E   A M A D O 游낼","Fashion","Lifestyle",8300000,"Mexico","351.8K","393.2K"
"Macro","Low",4.435772821,0.372863616,126.6539569,"770","amadorat","N I C O L E   A M A D O 游낼","Fashion","Lifestyle",8300000,"Mexico","351.8K","393.2K"
"Macro","Low",7.80977491,2.943760793,67.28327311,"770","amadorat","N I C O L E   A M A D O 游낼","Fashion","Lifestyle",8300000,"Mexico","351.8K","393.2K"
"Macro","Medium",20.9722448,2.587763209,230.6616991,"770","amadorat","N I C O L E   A M A D O 游낼","Fashion","Lifestyle",8300000,"Mexico","351.8K","393.2K"
"Macro","High",42.27157869,7.379310185,328.8426678,"770","amadorat","N I C O L E   A M A D O 游낼","Fashion","Lifestyle",8300000,"Mexico","351.8K","393.2K"
"Macro","Low",8.09305976,2.677550763,91.56749737,"770","amadorat","N I C O L E   A M A D O 游낼","Fashion","Lifestyle",8300000,"Mexico","351.8K","393.2K"
"Macro","High",28.20271003,7.586978644,300.0219219,"770","amadorat","N I C O L E   A M A D O 游낼","Fashion","Lifestyle",8300000,"Mexico","351.8K","393.2K"
"Macro","Medium",8.880265456,1.010124863,231.3702065,"770","amadorat","N I C O L E   A M A D O 游낼","Fashion","Lifestyle",8300000,"Mexico","351.8K","393.2K"
"Macro","Low",10.42906573,4.37599992,138.4315947,"770","amadorat","N I C O L E   A M A D O 游낼","Fashion","Lifestyle",8300000,"Mexico","351.8K","393.2K"
"Macro","Medium",16.21666237,4.527337829,176.198368,"770","amadorat","N I C O L E   A M A D O 游낼","Fashion","Lifestyle",8300000,"Mexico","351.8K","393.2K"
"Macro","High",25.98992347,4.655323383,333.3198427,"770","amadorat","N I C O L E   A M A D O 游낼","Fashion","Lifestyle",8300000,"Mexico","351.8K","393.2K"
"Macro","High",20.39194685,3.212250256,289.1757587,"770","amadorat","N I C O L E   A M A D O 游낼","Fashion","Lifestyle",8300000,"Mexico","351.8K","393.2K"
"Macro","High",28.22427787,3.729510231,312.5706663,"770","amadorat","N I C O L E   A M A D O 游낼","Fashion","Lifestyle",8300000,"Mexico","351.8K","393.2K"
"Macro","Low",12.66874316,2.059276863,82.44643572,"770","amadorat","N I C O L E   A M A D O 游낼","Fashion","Lifestyle",8300000,"Mexico","351.8K","393.2K"
"Macro","Low",9.103024458,2.079436044,124.7625062,"770","amadorat","N I C O L E   A M A D O 游낼","Fashion","Lifestyle",8300000,"Mexico","351.8K","393.2K"
"Macro","Medium",13.09088428,2.950203359,176.7169009,"770","amadorat","N I C O L E   A M A D O 游낼","Fashion","Lifestyle",8300000,"Mexico","351.8K","393.2K"
"Macro","Low",15.40876685,1.935104705,133.6114088,"770","amadorat","N I C O L E   A M A D O 游낼","Fashion","Lifestyle",8300000,"Mexico","351.8K","393.2K"
"Macro","Low",12.96311522,0.910273486,66.70886844,"770","amadorat","N I C O L E   A M A D O 游낼","Fashion","Lifestyle",8300000,"Mexico","351.8K","393.2K"
"Macro","High",24.64889821,7.130115956,270.1894,"770","amadorat","N I C O L E   A M A D O 游낼","Fashion","Lifestyle",8300000,"Mexico","351.8K","393.2K"
"Macro","Medium",10.24267885,0.468675155,159.267743,"770","amadorat","N I C O L E   A M A D O 游낼","Fashion","Lifestyle",8300000,"Mexico","351.8K","393.2K"
"Macro","Medium",18.16783386,7.064557009,244.8659231,"770","amadorat","N I C O L E   A M A D O 游낼","Fashion","Lifestyle",8300000,"Mexico","351.8K","393.2K"
"Macro","High",31.97400407,6.8890137,288.9961214,"770","amadorat","N I C O L E   A M A D O 游낼","Fashion","Lifestyle",8300000,"Mexico","351.8K","393.2K"
"Macro","High",32.18271929,3.791252056,316.5400344,"770","amadorat","N I C O L E   A M A D O 游낼","Fashion","Lifestyle",8300000,"Mexico","351.8K","393.2K"
"Macro","Medium",25.10416247,6.380922006,203.6774283,"770","amadorat","N I C O L E   A M A D O 游낼","Fashion","Lifestyle",8300000,"Mexico","351.8K","393.2K"
"Macro","Low",8.767063323,3.074580992,119.1906975,"770","amadorat","N I C O L E   A M A D O 游낼","Fashion","Lifestyle",8300000,"Mexico","351.8K","393.2K"
"Macro","High",20.6830343,2.820506276,281.4104149,"770","amadorat","N I C O L E   A M A D O 游낼","Fashion","Lifestyle",8300000,"Mexico","351.8K","393.2K"
"Macro","High",24.59918411,4.602429717,298.5811724,"770","amadorat","N I C O L E   A M A D O 游낼","Fashion","Lifestyle",8300000,"Mexico","351.8K","393.2K"
"Macro","Medium",15.2413917,0.114189919,209.1489884,"770","amadorat","N I C O L E   A M A D O 游낼","Fashion","Lifestyle",8300000,"Mexico","351.8K","393.2K"
"Macro","Low",3.815213208,0.3327901,53.21920964,"770","amadorat","N I C O L E   A M A D O 游낼","Fashion","Lifestyle",8300000,"Mexico","351.8K","393.2K"
"Macro","Medium",14.10622944,0.750124734,146.5321116,"770","amadorat","N I C O L E   A M A D O 游낼","Fashion","Lifestyle",8300000,"Mexico","351.8K","393.2K"
"Macro","Low",0.559364137,0.865257524,104.0141267,"770","amadorat","N I C O L E   A M A D O 游낼","Fashion","Lifestyle",8300000,"Mexico","351.8K","393.2K"
"Macro","Low",10.30266681,2.397550882,37.15633949,"770","amadorat","N I C O L E   A M A D O 游낼","Fashion","Lifestyle",8300000,"Mexico","351.8K","393.2K"
"Macro","Medium",15.52766221,2.055274228,210.9051685,"770","amadorat","N I C O L E   A M A D O 游낼","Fashion","Lifestyle",8300000,"Mexico","351.8K","393.2K"
"Macro","Low",9.529038854,0.046324514,122.398031,"770","amadorat","N I C O L E   A M A D O 游낼","Fashion","Lifestyle",8300000,"Mexico","351.8K","393.2K"
"Macro","High",17.55050904,4.041451356,252.3732128,"770","amadorat","N I C O L E   A M A D O 游낼","Fashion","Lifestyle",8300000,"Mexico","351.8K","393.2K"
"Macro","High",27.77118565,4.870181828,299.2571021,"770","amadorat","N I C O L E   A M A D O 游낼","Fashion","Lifestyle",8300000,"Mexico","351.8K","393.2K"
"Macro","Low",13.18725635,2.766352269,140.4152859,"770","amadorat","N I C O L E   A M A D O 游낼","Fashion","Lifestyle",8300000,"Mexico","351.8K","393.2K"
"Macro","High",36.29359238,6.685509421,325.6558158,"770","amadorat","N I C O L E   A M A D O 游낼","Fashion","Lifestyle",8300000,"Mexico","351.8K","393.2K"
"Macro","Low",15.25354503,0.935726218,123.6561859,"770","amadorat","N I C O L E   A M A D O 游낼","Fashion","Lifestyle",8300000,"Mexico","351.8K","393.2K"
"Macro","Medium",11.73759835,1.040604116,218.9726225,"770","amadorat","N I C O L E   A M A D O 游낼","Fashion","Lifestyle",8300000,"Mexico","351.8K","393.2K"
"Macro","High",20.72400777,5.503499783,274.793308,"770","amadorat","N I C O L E   A M A D O 游낼","Fashion","Lifestyle",8300000,"Mexico","351.8K","393.2K"
"Macro","Low",7.244487161,2.260934844,141.009684,"770","amadorat","N I C O L E   A M A D O 游낼","Fashion","Lifestyle",8300000,"Mexico","351.8K","393.2K"
"Macro","Medium",24.70953165,3.145122616,238.7796641,"770","amadorat","N I C O L E   A M A D O 游낼","Fashion","Lifestyle",8300000,"Mexico","351.8K","393.2K"
"Macro","Medium",19.43854953,1.017771272,228.8209795,"770","amadorat","N I C O L E   A M A D O 游낼","Fashion","Lifestyle",8300000,"Mexico","351.8K","393.2K"
"Macro","Medium",12.11627058,4.173004258,152.0483513,"770","amadorat","N I C O L E   A M A D O 游낼","Fashion","Lifestyle",8300000,"Mexico","351.8K","393.2K"
"Macro","Low",11.59153516,1.284588077,115.6143077,"770","amadorat","N I C O L E   A M A D O 游낼","Fashion","Lifestyle",8300000,"Mexico","351.8K","393.2K"
"Macro","High",36.0777564,11.40362504,304.9706255,"770","amadorat","N I C O L E   A M A D O 游낼","Fashion","Lifestyle",8300000,"Mexico","351.8K","393.2K"
"Macro","Medium",14.88018119,2.367556821,197.225133,"770","amadorat","N I C O L E   A M A D O 游낼","Fashion","Lifestyle",8300000,"Mexico","351.8K","393.2K"
"Macro","High",23.39740195,3.27863247,307.6293178,"770","amadorat","N I C O L E   A M A D O 游낼","Fashion","Lifestyle",8300000,"Mexico","351.8K","393.2K"
"Macro","Medium",6.313173395,1.310027864,152.8312537,"770","amadorat","N I C O L E   A M A D O 游낼","Fashion","Lifestyle",8300000,"Mexico","351.8K","393.2K"
"Macro","Low",18.9731144,5.827214413,91.0654531,"770","amadorat","N I C O L E   A M A D O 游낼","Fashion","Lifestyle",8300000,"Mexico","351.8K","393.2K"
"Macro","High",29.50164045,4.919930365,344.0900697,"770","amadorat","N I C O L E   A M A D O 游낼","Fashion","Lifestyle",8300000,"Mexico","351.8K","393.2K"
"Macro","Low",9.809647258,2.175099221,51.15173712,"770","amadorat","N I C O L E   A M A D O 游낼","Fashion","Lifestyle",8300000,"Mexico","351.8K","393.2K"
"Macro","High",29.58800787,5.256752406,262.8823829,"770","amadorat","N I C O L E   A M A D O 游낼","Fashion","Lifestyle",8300000,"Mexico","351.8K","393.2K"
"Macro","Medium",20.73115242,2.60083973,219.2762729,"770","amadorat","N I C O L E   A M A D O 游낼","Fashion","Lifestyle",8300000,"Mexico","351.8K","393.2K"
"Macro","Medium",13.78266234,0.176731945,164.256028,"770","amadorat","N I C O L E   A M A D O 游낼","Fashion","Lifestyle",8300000,"Mexico","351.8K","393.2K"
"Macro","High",25.85526144,5.046778104,260.9790138,"770","amadorat","N I C O L E   A M A D O 游낼","Fashion","Lifestyle",8300000,"Mexico","351.8K","393.2K"
"Macro","Low",12.1555835,0.932529328,106.0995933,"770","amadorat","N I C O L E   A M A D O 游낼","Fashion","Lifestyle",8300000,"Mexico","351.8K","393.2K"
"Macro","Low",10.15692231,2.584043071,51.48248853,"770","amadorat","N I C O L E   A M A D O 游낼","Fashion","Lifestyle",8300000,"Mexico","351.8K","393.2K"
"Macro","Low",4.952233443,2.039853759,37.94248252,"770","amadorat","N I C O L E   A M A D O 游낼","Fashion","Lifestyle",8300000,"Mexico","351.8K","393.2K"
"Macro","Medium",5.53180147,0.738537115,150.8313558,"770","amadorat","N I C O L E   A M A D O 游낼","Fashion","Lifestyle",8300000,"Mexico","351.8K","393.2K"
"Macro","High",19.15584406,0.014711851,281.5928898,"770","amadorat","N I C O L E   A M A D O 游낼","Fashion","Lifestyle",8300000,"Mexico","351.8K","393.2K"
"Macro","Low",16.58869133,2.016096817,121.0863531,"770","amadorat","N I C O L E   A M A D O 游낼","Fashion","Lifestyle",8300000,"Mexico","351.8K","393.2K"
"Macro","Medium",18.44423052,0.952442375,220.344136,"770","amadorat","N I C O L E   A M A D O 游낼","Fashion","Lifestyle",8300000,"Mexico","351.8K","393.2K"
"Macro","Low",7.570742919,0.732234227,109.9760621,"770","amadorat","N I C O L E   A M A D O 游낼","Fashion","Lifestyle",8300000,"Mexico","351.8K","393.2K"
"Macro","Medium",24.74052081,9.85509108,152.510022,"770","amadorat","N I C O L E   A M A D O 游낼","Fashion","Lifestyle",8300000,"Mexico","351.8K","393.2K"
"Macro","Medium",21.11999146,5.703028235,209.3268298,"770","amadorat","N I C O L E   A M A D O 游낼","Fashion","Lifestyle",8300000,"Mexico","351.8K","393.2K"
"Macro","High",32.43091127,1.524148306,265.8749687,"770","amadorat","N I C O L E   A M A D O 游낼","Fashion","Lifestyle",8300000,"Mexico","351.8K","393.2K"
"Mega","High",26.91428685,6.074164732,322.4667969,"4","kyliejenner","Kylie 游밼","Fashion","Modeling",376300000,"United States","2.7M","4.3M"
"Mega","High",26.91428685,6.074164732,322.4667969,"8","kimkardashian","Kim Kardashian","Fashion","Beauty",337400000,"United States","1.8M","2.6M"
"Mega","High",26.91428685,6.074164732,322.4667969,"736","sonamkapoor","Sonam Kapoor Ahuja","Fashion","Modeling",34200000,"India","84.9K","100.5K"
"Mega","Medium",28.63117245,9.072549075,238.4197656,"4","kyliejenner","Kylie 游밼","Fashion","Modeling",376300000,"United States","2.7M","4.3M"
"Mega","Medium",28.63117245,9.072549075,238.4197656,"8","kimkardashian","Kim Kardashian","Fashion","Beauty",337400000,"United States","1.8M","2.6M"
"Mega","Medium",28.63117245,9.072549075,238.4197656,"736","sonamkapoor","Sonam Kapoor Ahuja","Fashion","Modeling",34200000,"India","84.9K","100.5K"
"Mega","Medium",18.18146552,2.970729615,232.2256845,"4","kyliejenner","Kylie 游밼","Fashion","Modeling",376300000,"United States","2.7M","4.3M"
"Mega","Medium",18.18146552,2.970729615,232.2256845,"8","kimkardashian","Kim Kardashian","Fashion","Beauty",337400000,"United States","1.8M","2.6M"
"Mega","Medium",18.18146552,2.970729615,232.2256845,"736","sonamkapoor","Sonam Kapoor Ahuja","Fashion","Modeling",34200000,"India","84.9K","100.5K"
"Mega","Low",16.53025145,2.138833994,125.6101586,"4","kyliejenner","Kylie 游밼","Fashion","Modeling",376300000,"United States","2.7M","4.3M"
"Mega","Low",16.53025145,2.138833994,125.6101586,"8","kimkardashian","Kim Kardashian","Fashion","Beauty",337400000,"United States","1.8M","2.6M"
"Mega","Low",16.53025145,2.138833994,125.6101586,"736","sonamkapoor","Sonam Kapoor Ahuja","Fashion","Modeling",34200000,"India","84.9K","100.5K"
"Mega","Low",10.90658815,0.283125518,80.50988544,"4","kyliejenner","Kylie 游밼","Fashion","Modeling",376300000,"United States","2.7M","4.3M"
"Mega","Low",10.90658815,0.283125518,80.50988544,"8","kimkardashian","Kim Kardashian","Fashion","Beauty",337400000,"United States","1.8M","2.6M"
"Mega","Low",10.90658815,0.283125518,80.50988544,"736","sonamkapoor","Sonam Kapoor Ahuja","Fashion","Modeling",34200000,"India","84.9K","100.5K"
"Mega","Medium",22.35807756,2.546508726,226.9880817,"4","kyliejenner","Kylie 游밼","Fashion","Modeling",376300000,"United States","2.7M","4.3M"
"Mega","Medium",22.35807756,2.546508726,226.9880817,"8","kimkardashian","Kim Kardashian","Fashion","Beauty",337400000,"United States","1.8M","2.6M"
"Mega","Medium",22.35807756,2.546508726,226.9880817,"736","sonamkapoor","Sonam Kapoor Ahuja","Fashion","Modeling",34200000,"India","84.9K","100.5K"
"Mega","High",28.03957327,2.83256978,335.6043224,"4","kyliejenner","Kylie 游밼","Fashion","Modeling",376300000,"United States","2.7M","4.3M"
"Mega","High",28.03957327,2.83256978,335.6043224,"8","kimkardashian","Kim Kardashian","Fashion","Beauty",337400000,"United States","1.8M","2.6M"
"Mega","High",28.03957327,2.83256978,335.6043224,"736","sonamkapoor","Sonam Kapoor Ahuja","Fashion","Modeling",34200000,"India","84.9K","100.5K"
"Mega","Low",10.95649923,2.940480542,92.1327262,"4","kyliejenner","Kylie 游밼","Fashion","Modeling",376300000,"United States","2.7M","4.3M"
"Mega","Low",10.95649923,2.940480542,92.1327262,"8","kimkardashian","Kim Kardashian","Fashion","Beauty",337400000,"United States","1.8M","2.6M"
"Mega","Low",10.95649923,2.940480542,92.1327262,"736","sonamkapoor","Sonam Kapoor Ahuja","Fashion","Modeling",34200000,"India","84.9K","100.5K"
"Mega","High",29.62144863,10.26018838,264.4852505,"4","kyliejenner","Kylie 游밼","Fashion","Modeling",376300000,"United States","2.7M","4.3M"
"Mega","High",29.62144863,10.26018838,264.4852505,"8","kimkardashian","Kim Kardashian","Fashion","Beauty",337400000,"United States","1.8M","2.6M"
"Mega","High",29.62144863,10.26018838,264.4852505,"736","sonamkapoor","Sonam Kapoor Ahuja","Fashion","Modeling",34200000,"India","84.9K","100.5K"
"Mega","Medium",19.00284737,4.362036251,154.2330303,"4","kyliejenner","Kylie 游밼","Fashion","Modeling",376300000,"United States","2.7M","4.3M"
"Mega","Medium",19.00284737,4.362036251,154.2330303,"8","kimkardashian","Kim Kardashian","Fashion","Beauty",337400000,"United States","1.8M","2.6M"
"Mega","Medium",19.00284737,4.362036251,154.2330303,"736","sonamkapoor","Sonam Kapoor Ahuja","Fashion","Modeling",34200000,"India","84.9K","100.5K"
"Mega","High",24.78624404,6.349962293,309.2043274,"4","kyliejenner","Kylie 游밼","Fashion","Modeling",376300000,"United States","2.7M","4.3M"
"Mega","High",24.78624404,6.349962293,309.2043274,"8","kimkardashian","Kim Kardashian","Fashion","Beauty",337400000,"United States","1.8M","2.6M"
"Mega","High",24.78624404,6.349962293,309.2043274,"736","sonamkapoor","Sonam Kapoor Ahuja","Fashion","Modeling",34200000,"India","84.9K","100.5K"
"Mega","Medium",23.67190912,3.362017203,217.368027,"4","kyliejenner","Kylie 游밼","Fashion","Modeling",376300000,"United States","2.7M","4.3M"
"Mega","Medium",23.67190912,3.362017203,217.368027,"8","kimkardashian","Kim Kardashian","Fashion","Beauty",337400000,"United States","1.8M","2.6M"
"Mega","Medium",23.67190912,3.362017203,217.368027,"736","sonamkapoor","Sonam Kapoor Ahuja","Fashion","Modeling",34200000,"India","84.9K","100.5K"
"Mega","High",22.2599302,3.354030175,283.2511074,"4","kyliejenner","Kylie 游밼","Fashion","Modeling",376300000,"United States","2.7M","4.3M"
"Mega","High",22.2599302,3.354030175,283.2511074,"8","kimkardashian","Kim Kardashian","Fashion","Beauty",337400000,"United States","1.8M","2.6M"
"Mega","High",22.2599302,3.354030175,283.2511074,"736","sonamkapoor","Sonam Kapoor Ahuja","Fashion","Modeling",34200000,"India","84.9K","100.5K"
"Mega","Medium",19.7854764,2.708754057,244.2201654,"4","kyliejenner","Kylie 游밼","Fashion","Modeling",376300000,"United States","2.7M","4.3M"
"Mega","Medium",19.7854764,2.708754057,244.2201654,"8","kimkardashian","Kim Kardashian","Fashion","Beauty",337400000,"United States","1.8M","2.6M"
"Mega","Medium",19.7854764,2.708754057,244.2201654,"736","sonamkapoor","Sonam Kapoor Ahuja","Fashion","Modeling",34200000,"India","84.9K","100.5K"
"Mega","Low",4.490602106,0.947531027,55.79275944,"4","kyliejenner","Kylie 游밼","Fashion","Modeling",376300000,"United States","2.7M","4.3M"
"Mega","Low",4.490602106,0.947531027,55.79275944,"8","kimkardashian","Kim Kardashian","Fashion","Beauty",337400000,"United States","1.8M","2.6M"
"Mega","Low",4.490602106,0.947531027,55.79275944,"736","sonamkapoor","Sonam Kapoor Ahuja","Fashion","Modeling",34200000,"India","84.9K","100.5K"
"Mega","Medium",18.31721305,5.106410106,222.4538087,"4","kyliejenner","Kylie 游밼","Fashion","Modeling",376300000,"United States","2.7M","4.3M"
"Mega","Medium",18.31721305,5.106410106,222.4538087,"8","kimkardashian","Kim Kardashian","Fashion","Beauty",337400000,"United States","1.8M","2.6M"
"Mega","Medium",18.31721305,5.106410106,222.4538087,"736","sonamkapoor","Sonam Kapoor Ahuja","Fashion","Modeling",34200000,"India","84.9K","100.5K"
"Mega","High",32.28081447,4.606427961,311.4335461,"4","kyliejenner","Kylie 游밼","Fashion","Modeling",376300000,"United States","2.7M","4.3M"
"Mega","High",32.28081447,4.606427961,311.4335461,"8","kimkardashian","Kim Kardashian","Fashion","Beauty",337400000,"United States","1.8M","2.6M"
"Mega","High",32.28081447,4.606427961,311.4335461,"736","sonamkapoor","Sonam Kapoor Ahuja","Fashion","Modeling",34200000,"India","84.9K","100.5K"
"Mega","Low",5.037808977,1.199564471,45.27366111,"4","kyliejenner","Kylie 游밼","Fashion","Modeling",376300000,"United States","2.7M","4.3M"
"Mega","Low",5.037808977,1.199564471,45.27366111,"8","kimkardashian","Kim Kardashian","Fashion","Beauty",337400000,"United States","1.8M","2.6M"
"Mega","Low",5.037808977,1.199564471,45.27366111,"736","sonamkapoor","Sonam Kapoor Ahuja","Fashion","Modeling",34200000,"India","84.9K","100.5K"
"Mega","High",26.71216178,5.834040145,308.0598456,"4","kyliejenner","Kylie 游밼","Fashion","Modeling",376300000,"United States","2.7M","4.3M"
"Mega","High",26.71216178,5.834040145,308.0598456,"8","kimkardashian","Kim Kardashian","Fashion","Beauty",337400000,"United States","1.8M","2.6M"
"Mega","High",26.71216178,5.834040145,308.0598456,"736","sonamkapoor","Sonam Kapoor Ahuja","Fashion","Modeling",34200000,"India","84.9K","100.5K"
"Mega","Medium",19.01537456,6.543306951,153.5822256,"4","kyliejenner","Kylie 游밼","Fashion","Modeling",376300000,"United States","2.7M","4.3M"
"Mega","Medium",19.01537456,6.543306951,153.5822256,"8","kimkardashian","Kim Kardashian","Fashion","Beauty",337400000,"United States","1.8M","2.6M"
"Mega","Medium",19.01537456,6.543306951,153.5822256,"736","sonamkapoor","Sonam Kapoor Ahuja","Fashion","Modeling",34200000,"India","84.9K","100.5K"
"Mega","Medium",13.84475165,5.092254231,156.982317,"4","kyliejenner","Kylie 游밼","Fashion","Modeling",376300000,"United States","2.7M","4.3M"
"Mega","Medium",13.84475165,5.092254231,156.982317,"8","kimkardashian","Kim Kardashian","Fashion","Beauty",337400000,"United States","1.8M","2.6M"
"Mega","Medium",13.84475165,5.092254231,156.982317,"736","sonamkapoor","Sonam Kapoor Ahuja","Fashion","Modeling",34200000,"India","84.9K","100.5K"
"Mega","High",26.39407008,3.83736988,279.5906387,"4","kyliejenner","Kylie 游밼","Fashion","Modeling",376300000,"United States","2.7M","4.3M"
"Mega","High",26.39407008,3.83736988,279.5906387,"8","kimkardashian","Kim Kardashian","Fashion","Beauty",337400000,"United States","1.8M","2.6M"
"Mega","High",26.39407008,3.83736988,279.5906387,"736","sonamkapoor","Sonam Kapoor Ahuja","Fashion","Modeling",34200000,"India","84.9K","100.5K"
"Mega","Medium",23.44360429,3.951207434,237.7629107,"4","kyliejenner","Kylie 游밼","Fashion","Modeling",376300000,"United States","2.7M","4.3M"
"Mega","Medium",23.44360429,3.951207434,237.7629107,"8","kimkardashian","Kim Kardashian","Fashion","Beauty",337400000,"United States","1.8M","2.6M"
"Mega","Medium",23.44360429,3.951207434,237.7629107,"736","sonamkapoor","Sonam Kapoor Ahuja","Fashion","Modeling",34200000,"India","84.9K","100.5K"
"Mega","Low",2.405404817,0.50779351,70.97470749,"4","kyliejenner","Kylie 游밼","Fashion","Modeling",376300000,"United States","2.7M","4.3M"
"Mega","Low",2.405404817,0.50779351,70.97470749,"8","kimkardashian","Kim Kardashian","Fashion","Beauty",337400000,"United States","1.8M","2.6M"
"Mega","Low",2.405404817,0.50779351,70.97470749,"736","sonamkapoor","Sonam Kapoor Ahuja","Fashion","Modeling",34200000,"India","84.9K","100.5K"
"Mega","Medium",19.98811488,1.958181971,236.339815,"4","kyliejenner","Kylie 游밼","Fashion","Modeling",376300000,"United States","2.7M","4.3M"
"Mega","Medium",19.98811488,1.958181971,236.339815,"8","kimkardashian","Kim Kardashian","Fashion","Beauty",337400000,"United States","1.8M","2.6M"
"Mega","Medium",19.98811488,1.958181971,236.339815,"736","sonamkapoor","Sonam Kapoor Ahuja","Fashion","Modeling",34200000,"India","84.9K","100.5K"
"Mega","Low",0.216101168,0.753242703,41.39651524,"4","kyliejenner","Kylie 游밼","Fashion","Modeling",376300000,"United States","2.7M","4.3M"
"Mega","Low",0.216101168,0.753242703,41.39651524,"8","kimkardashian","Kim Kardashian","Fashion","Beauty",337400000,"United States","1.8M","2.6M"
"Mega","Low",0.216101168,0.753242703,41.39651524,"736","sonamkapoor","Sonam Kapoor Ahuja","Fashion","Modeling",34200000,"India","84.9K","100.5K"
"Mega","Medium",15.28763889,4.180978812,157.8822087,"4","kyliejenner","Kylie 游밼","Fashion","Modeling",376300000,"United States","2.7M","4.3M"
"Mega","Medium",15.28763889,4.180978812,157.8822087,"8","kimkardashian","Kim Kardashian","Fashion","Beauty",337400000,"United States","1.8M","2.6M"
"Mega","Medium",15.28763889,4.180978812,157.8822087,"736","sonamkapoor","Sonam Kapoor Ahuja","Fashion","Modeling",34200000,"India","84.9K","100.5K"
"Mega","High",22.29068202,3.487820374,309.2154343,"4","kyliejenner","Kylie 游밼","Fashion","Modeling",376300000,"United States","2.7M","4.3M"
"Mega","High",22.29068202,3.487820374,309.2154343,"8","kimkardashian","Kim Kardashian","Fashion","Beauty",337400000,"United States","1.8M","2.6M"
"Mega","High",22.29068202,3.487820374,309.2154343,"736","sonamkapoor","Sonam Kapoor Ahuja","Fashion","Modeling",34200000,"India","84.9K","100.5K"
"Mega","Low",18.37349871,4.085720398,136.2090591,"4","kyliejenner","Kylie 游밼","Fashion","Modeling",376300000,"United States","2.7M","4.3M"
"Mega","Low",18.37349871,4.085720398,136.2090591,"8","kimkardashian","Kim Kardashian","Fashion","Beauty",337400000,"United States","1.8M","2.6M"
"Mega","Low",18.37349871,4.085720398,136.2090591,"736","sonamkapoor","Sonam Kapoor Ahuja","Fashion","Modeling",34200000,"India","84.9K","100.5K"
"Mega","Low",3.97700114,0.130780036,90.18167788,"4","kyliejenner","Kylie 游밼","Fashion","Modeling",376300000,"United States","2.7M","4.3M"
"Mega","Low",3.97700114,0.130780036,90.18167788,"8","kimkardashian","Kim Kardashian","Fashion","Beauty",337400000,"United States","1.8M","2.6M"
"Mega","Low",3.97700114,0.130780036,90.18167788,"736","sonamkapoor","Sonam Kapoor Ahuja","Fashion","Modeling",34200000,"India","84.9K","100.5K"
"Mega","Low",16.85678293,3.886005263,118.9163836,"4","kyliejenner","Kylie 游밼","Fashion","Modeling",376300000,"United States","2.7M","4.3M"
"Mega","Low",16.85678293,3.886005263,118.9163836,"8","kimkardashian","Kim Kardashian","Fashion","Beauty",337400000,"United States","1.8M","2.6M"
"Mega","Low",16.85678293,3.886005263,118.9163836,"736","sonamkapoor","Sonam Kapoor Ahuja","Fashion","Modeling",34200000,"India","84.9K","100.5K"
"Mega","Low",4.583280072,1.76559653,88.89097675,"4","kyliejenner","Kylie 游밼","Fashion","Modeling",376300000,"United States","2.7M","4.3M"
"Mega","Low",4.583280072,1.76559653,88.89097675,"8","kimkardashian","Kim Kardashian","Fashion","Beauty",337400000,"United States","1.8M","2.6M"
"Mega","Low",4.583280072,1.76559653,88.89097675,"736","sonamkapoor","Sonam Kapoor Ahuja","Fashion","Modeling",34200000,"India","84.9K","100.5K"
"Mega","High",33.16642967,1.289134539,324.0969621,"4","kyliejenner","Kylie 游밼","Fashion","Modeling",376300000,"United States","2.7M","4.3M"
"Mega","High",33.16642967,1.289134539,324.0969621,"8","kimkardashian","Kim Kardashian","Fashion","Beauty",337400000,"United States","1.8M","2.6M"
"Mega","High",33.16642967,1.289134539,324.0969621,"736","sonamkapoor","Sonam Kapoor Ahuja","Fashion","Modeling",34200000,"India","84.9K","100.5K"
"Mega","Medium",12.26171856,1.62291368,146.6595162,"4","kyliejenner","Kylie 游밼","Fashion","Modeling",376300000,"United States","2.7M","4.3M"
"Mega","Medium",12.26171856,1.62291368,146.6595162,"8","kimkardashian","Kim Kardashian","Fashion","Beauty",337400000,"United States","1.8M","2.6M"
"Mega","Medium",12.26171856,1.62291368,146.6595162,"736","sonamkapoor","Sonam Kapoor Ahuja","Fashion","Modeling",34200000,"India","84.9K","100.5K"
"Mega","Medium",22.2209252,5.664413416,229.7089662,"4","kyliejenner","Kylie 游밼","Fashion","Modeling",376300000,"United States","2.7M","4.3M"
"Mega","Medium",22.2209252,5.664413416,229.7089662,"8","kimkardashian","Kim Kardashian","Fashion","Beauty",337400000,"United States","1.8M","2.6M"
"Mega","Medium",22.2209252,5.664413416,229.7089662,"736","sonamkapoor","Sonam Kapoor Ahuja","Fashion","Modeling",34200000,"India","84.9K","100.5K"
"Mega","Medium",11.05567279,2.339107702,186.9707267,"4","kyliejenner","Kylie 游밼","Fashion","Modeling",376300000,"United States","2.7M","4.3M"
"Mega","Medium",11.05567279,2.339107702,186.9707267,"8","kimkardashian","Kim Kardashian","Fashion","Beauty",337400000,"United States","1.8M","2.6M"
"Mega","Medium",11.05567279,2.339107702,186.9707267,"736","sonamkapoor","Sonam Kapoor Ahuja","Fashion","Modeling",34200000,"India","84.9K","100.5K"
"Mega","Low",0.675873706,3.25992037,39.78232893,"4","kyliejenner","Kylie 游밼","Fashion","Modeling",376300000,"United States","2.7M","4.3M"
"Mega","Low",0.675873706,3.25992037,39.78232893,"8","kimkardashian","Kim Kardashian","Fashion","Beauty",337400000,"United States","1.8M","2.6M"
"Mega","Low",0.675873706,3.25992037,39.78232893,"736","sonamkapoor","Sonam Kapoor Ahuja","Fashion","Modeling",34200000,"India","84.9K","100.5K"
"Mega","Low",6.334378802,0.795481886,102.5736407,"4","kyliejenner","Kylie 游밼","Fashion","Modeling",376300000,"United States","2.7M","4.3M"
"Mega","Low",6.334378802,0.795481886,102.5736407,"8","kimkardashian","Kim Kardashian","Fashion","Beauty",337400000,"United States","1.8M","2.6M"
"Mega","Low",6.334378802,0.795481886,102.5736407,"736","sonamkapoor","Sonam Kapoor Ahuja","Fashion","Modeling",34200000,"India","84.9K","100.5K"
"Mega","Medium",20.37854572,3.688392213,145.4082544,"4","kyliejenner","Kylie 游밼","Fashion","Modeling",376300000,"United States","2.7M","4.3M"
"Mega","Medium",20.37854572,3.688392213,145.4082544,"8","kimkardashian","Kim Kardashian","Fashion","Beauty",337400000,"United States","1.8M","2.6M"
"Mega","Medium",20.37854572,3.688392213,145.4082544,"736","sonamkapoor","Sonam Kapoor Ahuja","Fashion","Modeling",34200000,"India","84.9K","100.5K"
"Mega","Medium",18.97956401,2.374604112,187.4514522,"4","kyliejenner","Kylie 游밼","Fashion","Modeling",376300000,"United States","2.7M","4.3M"
"Mega","Medium",18.97956401,2.374604112,187.4514522,"8","kimkardashian","Kim Kardashian","Fashion","Beauty",337400000,"United States","1.8M","2.6M"
"Mega","Medium",18.97956401,2.374604112,187.4514522,"736","sonamkapoor","Sonam Kapoor Ahuja","Fashion","Modeling",34200000,"India","84.9K","100.5K"
"Mega","High",30.10706369,8.054539885,357.7881952,"4","kyliejenner","Kylie 游밼","Fashion","Modeling",376300000,"United States","2.7M","4.3M"
"Mega","High",30.10706369,8.054539885,357.7881952,"8","kimkardashian","Kim Kardashian","Fashion","Beauty",337400000,"United States","1.8M","2.6M"
"Mega","High",30.10706369,8.054539885,357.7881952,"736","sonamkapoor","Sonam Kapoor Ahuja","Fashion","Modeling",34200000,"India","84.9K","100.5K"
"Mega","Medium",22.44665475,6.654602404,243.8144022,"4","kyliejenner","Kylie 游밼","Fashion","Modeling",376300000,"United States","2.7M","4.3M"
"Mega","Medium",22.44665475,6.654602404,243.8144022,"8","kimkardashian","Kim Kardashian","Fashion","Beauty",337400000,"United States","1.8M","2.6M"
"Mega","Medium",22.44665475,6.654602404,243.8144022,"736","sonamkapoor","Sonam Kapoor Ahuja","Fashion","Modeling",34200000,"India","84.9K","100.5K"
"Mega","Low",6.029834723,4.226553307,95.39293351,"4","kyliejenner","Kylie 游밼","Fashion","Modeling",376300000,"United States","2.7M","4.3M"
"Mega","Low",6.029834723,4.226553307,95.39293351,"8","kimkardashian","Kim Kardashian","Fashion","Beauty",337400000,"United States","1.8M","2.6M"
"Mega","Low",6.029834723,4.226553307,95.39293351,"736","sonamkapoor","Sonam Kapoor Ahuja","Fashion","Modeling",34200000,"India","84.9K","100.5K"
"Mega","Medium",15.81007671,0.495169721,229.5582512,"4","kyliejenner","Kylie 游밼","Fashion","Modeling",376300000,"United States","2.7M","4.3M"
"Mega","Medium",15.81007671,0.495169721,229.5582512,"8","kimkardashian","Kim Kardashian","Fashion","Beauty",337400000,"United States","1.8M","2.6M"
"Mega","Medium",15.81007671,0.495169721,229.5582512,"736","sonamkapoor","Sonam Kapoor Ahuja","Fashion","Modeling",34200000,"India","84.9K","100.5K"
"Mega","High",18.96636214,4.058402635,260.8904476,"4","kyliejenner","Kylie 游밼","Fashion","Modeling",376300000,"United States","2.7M","4.3M"
"Mega","High",18.96636214,4.058402635,260.8904476,"8","kimkardashian","Kim Kardashian","Fashion","Beauty",337400000,"United States","1.8M","2.6M"
"Mega","High",18.96636214,4.058402635,260.8904476,"736","sonamkapoor","Sonam Kapoor Ahuja","Fashion","Modeling",34200000,"India","84.9K","100.5K"
"Mega","Low",20.04563677,3.7938089,132.2091868,"4","kyliejenner","Kylie 游밼","Fashion","Modeling",376300000,"United States","2.7M","4.3M"
"Mega","Low",20.04563677,3.7938089,132.2091868,"8","kimkardashian","Kim Kardashian","Fashion","Beauty",337400000,"United States","1.8M","2.6M"
"Mega","Low",20.04563677,3.7938089,132.2091868,"736","sonamkapoor","Sonam Kapoor Ahuja","Fashion","Modeling",34200000,"India","84.9K","100.5K"
"Mega","Low",1.988066733,2.637867593,43.69948833,"4","kyliejenner","Kylie 游밼","Fashion","Modeling",376300000,"United States","2.7M","4.3M"
"Mega","Low",1.988066733,2.637867593,43.69948833,"8","kimkardashian","Kim Kardashian","Fashion","Beauty",337400000,"United States","1.8M","2.6M"
"Mega","Low",1.988066733,2.637867593,43.69948833,"736","sonamkapoor","Sonam Kapoor Ahuja","Fashion","Modeling",34200000,"India","84.9K","100.5K"
"Mega","High",31.20750747,4.292261144,271.222418,"4","kyliejenner","Kylie 游밼","Fashion","Modeling",376300000,"United States","2.7M","4.3M"
"Mega","High",31.20750747,4.292261144,271.222418,"8","kimkardashian","Kim Kardashian","Fashion","Beauty",337400000,"United States","1.8M","2.6M"
"Mega","High",31.20750747,4.292261144,271.222418,"736","sonamkapoor","Sonam Kapoor Ahuja","Fashion","Modeling",34200000,"India","84.9K","100.5K"
"Mega","High",26.07549862,5.143706423,269.4449939,"4","kyliejenner","Kylie 游밼","Fashion","Modeling",376300000,"United States","2.7M","4.3M"
"Mega","High",26.07549862,5.143706423,269.4449939,"8","kimkardashian","Kim Kardashian","Fashion","Beauty",337400000,"United States","1.8M","2.6M"
"Mega","High",26.07549862,5.143706423,269.4449939,"736","sonamkapoor","Sonam Kapoor Ahuja","Fashion","Modeling",34200000,"India","84.9K","100.5K"
"Mega","Medium",23.71846209,4.222897828,194.2077346,"4","kyliejenner","Kylie 游밼","Fashion","Modeling",376300000,"United States","2.7M","4.3M"
"Mega","Medium",23.71846209,4.222897828,194.2077346,"8","kimkardashian","Kim Kardashian","Fashion","Beauty",337400000,"United States","1.8M","2.6M"
"Mega","Medium",23.71846209,4.222897828,194.2077346,"736","sonamkapoor","Sonam Kapoor Ahuja","Fashion","Modeling",34200000,"India","84.9K","100.5K"
"Mega","Medium",17.37652562,1.905040273,161.7851523,"4","kyliejenner","Kylie 游밼","Fashion","Modeling",376300000,"United States","2.7M","4.3M"
"Mega","Medium",17.37652562,1.905040273,161.7851523,"8","kimkardashian","Kim Kardashian","Fashion","Beauty",337400000,"United States","1.8M","2.6M"
"Mega","Medium",17.37652562,1.905040273,161.7851523,"736","sonamkapoor","Sonam Kapoor Ahuja","Fashion","Modeling",34200000,"India","84.9K","100.5K"
"Mega","Medium",0.132417912,0.091141363,155.7968397,"4","kyliejenner","Kylie 游밼","Fashion","Modeling",376300000,"United States","2.7M","4.3M"
"Mega","Medium",0.132417912,0.091141363,155.7968397,"8","kimkardashian","Kim Kardashian","Fashion","Beauty",337400000,"United States","1.8M","2.6M"
"Mega","Medium",0.132417912,0.091141363,155.7968397,"736","sonamkapoor","Sonam Kapoor Ahuja","Fashion","Modeling",34200000,"India","84.9K","100.5K"
"Mega","Low",11.85926874,1.787562176,110.3772781,"4","kyliejenner","Kylie 游밼","Fashion","Modeling",376300000,"United States","2.7M","4.3M"
"Mega","Low",11.85926874,1.787562176,110.3772781,"8","kimkardashian","Kim Kardashian","Fashion","Beauty",337400000,"United States","1.8M","2.6M"
"Mega","Low",11.85926874,1.787562176,110.3772781,"736","sonamkapoor","Sonam Kapoor Ahuja","Fashion","Modeling",34200000,"India","84.9K","100.5K"
"Mega","Medium",18.10614293,3.746012095,222.3419275,"4","kyliejenner","Kylie 游밼","Fashion","Modeling",376300000,"United States","2.7M","4.3M"
"Mega","Medium",18.10614293,3.746012095,222.3419275,"8","kimkardashian","Kim Kardashian","Fashion","Beauty",337400000,"United States","1.8M","2.6M"
"Mega","Medium",18.10614293,3.746012095,222.3419275,"736","sonamkapoor","Sonam Kapoor Ahuja","Fashion","Modeling",34200000,"India","84.9K","100.5K"
"Mega","High",24.50900907,5.51559835,272.5490106,"4","kyliejenner","Kylie 游밼","Fashion","Modeling",376300000,"United States","2.7M","4.3M"
"Mega","High",24.50900907,5.51559835,272.5490106,"8","kimkardashian","Kim Kardashian","Fashion","Beauty",337400000,"United States","1.8M","2.6M"
"Mega","High",24.50900907,5.51559835,272.5490106,"736","sonamkapoor","Sonam Kapoor Ahuja","Fashion","Modeling",34200000,"India","84.9K","100.5K"
"Mega","Medium",20.73205864,5.623284528,207.4863233,"4","kyliejenner","Kylie 游밼","Fashion","Modeling",376300000,"United States","2.7M","4.3M"
"Mega","Medium",20.73205864,5.623284528,207.4863233,"8","kimkardashian","Kim Kardashian","Fashion","Beauty",337400000,"United States","1.8M","2.6M"
"Mega","Medium",20.73205864,5.623284528,207.4863233,"736","sonamkapoor","Sonam Kapoor Ahuja","Fashion","Modeling",34200000,"India","84.9K","100.5K"
"Mega","High",24.73827816,3.608007687,313.1932687,"4","kyliejenner","Kylie 游밼","Fashion","Modeling",376300000,"United States","2.7M","4.3M"
"Mega","High",24.73827816,3.608007687,313.1932687,"8","kimkardashian","Kim Kardashian","Fashion","Beauty",337400000,"United States","1.8M","2.6M"
"Mega","High",24.73827816,3.608007687,313.1932687,"736","sonamkapoor","Sonam Kapoor Ahuja","Fashion","Modeling",34200000,"India","84.9K","100.5K"
"Mega","Medium",20.10848671,2.728374334,195.102176,"4","kyliejenner","Kylie 游밼","Fashion","Modeling",376300000,"United States","2.7M","4.3M"
"Mega","Medium",20.10848671,2.728374334,195.102176,"8","kimkardashian","Kim Kardashian","Fashion","Beauty",337400000,"United States","1.8M","2.6M"
"Mega","Medium",20.10848671,2.728374334,195.102176,"736","sonamkapoor","Sonam Kapoor Ahuja","Fashion","Modeling",34200000,"India","84.9K","100.5K"
"Mega","Medium",24.21323418,3.817027564,184.0961892,"4","kyliejenner","Kylie 游밼","Fashion","Modeling",376300000,"United States","2.7M","4.3M"
"Mega","Medium",24.21323418,3.817027564,184.0961892,"8","kimkardashian","Kim Kardashian","Fashion","Beauty",337400000,"United States","1.8M","2.6M"
"Mega","Medium",24.21323418,3.817027564,184.0961892,"736","sonamkapoor","Sonam Kapoor Ahuja","Fashion","Modeling",34200000,"India","84.9K","100.5K"
"Mega","Medium",12.98767686,2.977329727,158.5387703,"4","kyliejenner","Kylie 游밼","Fashion","Modeling",376300000,"United States","2.7M","4.3M"
"Mega","Medium",12.98767686,2.977329727,158.5387703,"8","kimkardashian","Kim Kardashian","Fashion","Beauty",337400000,"United States","1.8M","2.6M"
"Mega","Medium",12.98767686,2.977329727,158.5387703,"736","sonamkapoor","Sonam Kapoor Ahuja","Fashion","Modeling",34200000,"India","84.9K","100.5K"
"Mega","Low",8.228726375,1.59572773,72.91644672,"4","kyliejenner","Kylie 游밼","Fashion","Modeling",376300000,"United States","2.7M","4.3M"
"Mega","Low",8.228726375,1.59572773,72.91644672,"8","kimkardashian","Kim Kardashian","Fashion","Beauty",337400000,"United States","1.8M","2.6M"
"Mega","Low",8.228726375,1.59572773,72.91644672,"736","sonamkapoor","Sonam Kapoor Ahuja","Fashion","Modeling",34200000,"India","84.9K","100.5K"
"Mega","High",24.36995576,3.57934547,305.1813506,"4","kyliejenner","Kylie 游밼","Fashion","Modeling",376300000,"United States","2.7M","4.3M"
"Mega","High",24.36995576,3.57934547,305.1813506,"8","kimkardashian","Kim Kardashian","Fashion","Beauty",337400000,"United States","1.8M","2.6M"
"Mega","High",24.36995576,3.57934547,305.1813506,"736","sonamkapoor","Sonam Kapoor Ahuja","Fashion","Modeling",34200000,"India","84.9K","100.5K"
"Mega","High",31.18586055,7.488026788,291.314666,"4","kyliejenner","Kylie 游밼","Fashion","Modeling",376300000,"United States","2.7M","4.3M"
"Mega","High",31.18586055,7.488026788,291.314666,"8","kimkardashian","Kim Kardashian","Fashion","Beauty",337400000,"United States","1.8M","2.6M"
"Mega","High",31.18586055,7.488026788,291.314666,"736","sonamkapoor","Sonam Kapoor Ahuja","Fashion","Modeling",34200000,"India","84.9K","100.5K"
"Mega","Medium",28.35259165,4.69537646,229.1419119,"4","kyliejenner","Kylie 游밼","Fashion","Modeling",376300000,"United States","2.7M","4.3M"
"Mega","Medium",28.35259165,4.69537646,229.1419119,"8","kimkardashian","Kim Kardashian","Fashion","Beauty",337400000,"United States","1.8M","2.6M"
"Mega","Medium",28.35259165,4.69537646,229.1419119,"736","sonamkapoor","Sonam Kapoor Ahuja","Fashion","Modeling",34200000,"India","84.9K","100.5K"
"Mega","Medium",17.5538255,3.39216147,237.7424954,"4","kyliejenner","Kylie 游밼","Fashion","Modeling",376300000,"United States","2.7M","4.3M"
"Mega","Medium",17.5538255,3.39216147,237.7424954,"8","kimkardashian","Kim Kardashian","Fashion","Beauty",337400000,"United States","1.8M","2.6M"
"Mega","Medium",17.5538255,3.39216147,237.7424954,"736","sonamkapoor","Sonam Kapoor Ahuja","Fashion","Modeling",34200000,"India","84.9K","100.5K"
"Mega","High",19.41571685,2.783297563,258.443524,"4","kyliejenner","Kylie 游밼","Fashion","Modeling",376300000,"United States","2.7M","4.3M"
"Mega","High",19.41571685,2.783297563,258.443524,"8","kimkardashian","Kim Kardashian","Fashion","Beauty",337400000,"United States","1.8M","2.6M"
"Mega","High",19.41571685,2.783297563,258.443524,"736","sonamkapoor","Sonam Kapoor Ahuja","Fashion","Modeling",34200000,"India","84.9K","100.5K"
"Mega","Medium",33.62209115,6.804494005,240.3518467,"4","kyliejenner","Kylie 游밼","Fashion","Modeling",376300000,"United States","2.7M","4.3M"
"Mega","Medium",33.62209115,6.804494005,240.3518467,"8","kimkardashian","Kim Kardashian","Fashion","Beauty",337400000,"United States","1.8M","2.6M"
"Mega","Medium",33.62209115,6.804494005,240.3518467,"736","sonamkapoor","Sonam Kapoor Ahuja","Fashion","Modeling",34200000,"India","84.9K","100.5K"
"Mega","Medium",16.6104103,0.00097659,155.2336339,"4","kyliejenner","Kylie 游밼","Fashion","Modeling",376300000,"United States","2.7M","4.3M"
"Mega","Medium",16.6104103,0.00097659,155.2336339,"8","kimkardashian","Kim Kardashian","Fashion","Beauty",337400000,"United States","1.8M","2.6M"
"Mega","Medium",16.6104103,0.00097659,155.2336339,"736","sonamkapoor","Sonam Kapoor Ahuja","Fashion","Modeling",34200000,"India","84.9K","100.5K"
"Mega","High",25.51282008,5.125009083,324.0477099,"4","kyliejenner","Kylie 游밼","Fashion","Modeling",376300000,"United States","2.7M","4.3M"
"Mega","High",25.51282008,5.125009083,324.0477099,"8","kimkardashian","Kim Kardashian","Fashion","Beauty",337400000,"United States","1.8M","2.6M"
"Mega","High",25.51282008,5.125009083,324.0477099,"736","sonamkapoor","Sonam Kapoor Ahuja","Fashion","Modeling",34200000,"India","84.9K","100.5K"
"Mega","Medium",15.46760824,3.337645908,191.3995094,"4","kyliejenner","Kylie 游밼","Fashion","Modeling",376300000,"United States","2.7M","4.3M"
"Mega","Medium",15.46760824,3.337645908,191.3995094,"8","kimkardashian","Kim Kardashian","Fashion","Beauty",337400000,"United States","1.8M","2.6M"
"Mega","Medium",15.46760824,3.337645908,191.3995094,"736","sonamkapoor","Sonam Kapoor Ahuja","Fashion","Modeling",34200000,"India","84.9K","100.5K"
"Mega","High",24.97171642,3.384708684,260.2958494,"4","kyliejenner","Kylie 游밼","Fashion","Modeling",376300000,"United States","2.7M","4.3M"
"Mega","High",24.97171642,3.384708684,260.2958494,"8","kimkardashian","Kim Kardashian","Fashion","Beauty",337400000,"United States","1.8M","2.6M"
"Mega","High",24.97171642,3.384708684,260.2958494,"736","sonamkapoor","Sonam Kapoor Ahuja","Fashion","Modeling",34200000,"India","84.9K","100.5K"
"Mega","Low",1.4394043,0.476601268,90.93193458,"4","kyliejenner","Kylie 游밼","Fashion","Modeling",376300000,"United States","2.7M","4.3M"
"Mega","Low",1.4394043,0.476601268,90.93193458,"8","kimkardashian","Kim Kardashian","Fashion","Beauty",337400000,"United States","1.8M","2.6M"
"Mega","Low",1.4394043,0.476601268,90.93193458,"736","sonamkapoor","Sonam Kapoor Ahuja","Fashion","Modeling",34200000,"India","84.9K","100.5K"
"Mega","Low",17.76937744,1.421504768,123.8685578,"4","kyliejenner","Kylie 游밼","Fashion","Modeling",376300000,"United States","2.7M","4.3M"
"Mega","Low",17.76937744,1.421504768,123.8685578,"8","kimkardashian","Kim Kardashian","Fashion","Beauty",337400000,"United States","1.8M","2.6M"
"Mega","Low",17.76937744,1.421504768,123.8685578,"736","sonamkapoor","Sonam Kapoor Ahuja","Fashion","Modeling",34200000,"India","84.9K","100.5K"
"Mega","High",30.06499774,4.96087232,341.4376388,"4","kyliejenner","Kylie 游밼","Fashion","Modeling",376300000,"United States","2.7M","4.3M"
"Mega","High",30.06499774,4.96087232,341.4376388,"8","kimkardashian","Kim Kardashian","Fashion","Beauty",337400000,"United States","1.8M","2.6M"
"Mega","High",30.06499774,4.96087232,341.4376388,"736","sonamkapoor","Sonam Kapoor Ahuja","Fashion","Modeling",34200000,"India","84.9K","100.5K"
"Mega","Medium",20.91279178,4.007210363,247.9036965,"4","kyliejenner","Kylie 游밼","Fashion","Modeling",376300000,"United States","2.7M","4.3M"
"Mega","Medium",20.91279178,4.007210363,247.9036965,"8","kimkardashian","Kim Kardashian","Fashion","Beauty",337400000,"United States","1.8M","2.6M"
"Mega","Medium",20.91279178,4.007210363,247.9036965,"736","sonamkapoor","Sonam Kapoor Ahuja","Fashion","Modeling",34200000,"India","84.9K","100.5K"
"Mega","Low",5.063592359,1.535619761,63.19952192,"4","kyliejenner","Kylie 游밼","Fashion","Modeling",376300000,"United States","2.7M","4.3M"
"Mega","Low",5.063592359,1.535619761,63.19952192,"8","kimkardashian","Kim Kardashian","Fashion","Beauty",337400000,"United States","1.8M","2.6M"
"Mega","Low",5.063592359,1.535619761,63.19952192,"736","sonamkapoor","Sonam Kapoor Ahuja","Fashion","Modeling",34200000,"India","84.9K","100.5K"
"Mega","Medium",22.23688421,5.39787857,225.0827009,"4","kyliejenner","Kylie 游밼","Fashion","Modeling",376300000,"United States","2.7M","4.3M"
"Mega","Medium",22.23688421,5.39787857,225.0827009,"8","kimkardashian","Kim Kardashian","Fashion","Beauty",337400000,"United States","1.8M","2.6M"
"Mega","Medium",22.23688421,5.39787857,225.0827009,"736","sonamkapoor","Sonam Kapoor Ahuja","Fashion","Modeling",34200000,"India","84.9K","100.5K"
"Mega","Low",1.648197979,1.30572513,43.06509252,"4","kyliejenner","Kylie 游밼","Fashion","Modeling",376300000,"United States","2.7M","4.3M"
"Mega","Low",1.648197979,1.30572513,43.06509252,"8","kimkardashian","Kim Kardashian","Fashion","Beauty",337400000,"United States","1.8M","2.6M"
"Mega","Low",1.648197979,1.30572513,43.06509252,"736","sonamkapoor","Sonam Kapoor Ahuja","Fashion","Modeling",34200000,"India","84.9K","100.5K"
"Mega","Low",16.53246746,1.140112518,135.1027922,"4","kyliejenner","Kylie 游밼","Fashion","Modeling",376300000,"United States","2.7M","4.3M"
"Mega","Low",16.53246746,1.140112518,135.1027922,"8","kimkardashian","Kim Kardashian","Fashion","Beauty",337400000,"United States","1.8M","2.6M"
"Mega","Low",16.53246746,1.140112518,135.1027922,"736","sonamkapoor","Sonam Kapoor Ahuja","Fashion","Modeling",34200000,"India","84.9K","100.5K"
"Mega","High",29.34460985,3.436481014,336.3726161,"4","kyliejenner","Kylie 游밼","Fashion","Modeling",376300000,"United States","2.7M","4.3M"
"Mega","High",29.34460985,3.436481014,336.3726161,"8","kimkardashian","Kim Kardashian","Fashion","Beauty",337400000,"United States","1.8M","2.6M"
"Mega","High",29.34460985,3.436481014,336.3726161,"736","sonamkapoor","Sonam Kapoor Ahuja","Fashion","Modeling",34200000,"India","84.9K","100.5K"
"Mega","High",32.21629028,5.011827563,346.2070486,"4","kyliejenner","Kylie 游밼","Fashion","Modeling",376300000,"United States","2.7M","4.3M"
"Mega","High",32.21629028,5.011827563,346.2070486,"8","kimkardashian","Kim Kardashian","Fashion","Beauty",337400000,"United States","1.8M","2.6M"
"Mega","High",32.21629028,5.011827563,346.2070486,"736","sonamkapoor","Sonam Kapoor Ahuja","Fashion","Modeling",34200000,"India","84.9K","100.5K"
"Mega","Medium",6.574754043,1.906421473,146.4444888,"4","kyliejenner","Kylie 游밼","Fashion","Modeling",376300000,"United States","2.7M","4.3M"
"Mega","Medium",6.574754043,1.906421473,146.4444888,"8","kimkardashian","Kim Kardashian","Fashion","Beauty",337400000,"United States","1.8M","2.6M"
"Mega","Medium",6.574754043,1.906421473,146.4444888,"736","sonamkapoor","Sonam Kapoor Ahuja","Fashion","Modeling",34200000,"India","84.9K","100.5K"
"Mega","Medium",15.39492963,4.813227646,196.7187138,"4","kyliejenner","Kylie 游밼","Fashion","Modeling",376300000,"United States","2.7M","4.3M"
"Mega","Medium",15.39492963,4.813227646,196.7187138,"8","kimkardashian","Kim Kardashian","Fashion","Beauty",337400000,"United States","1.8M","2.6M"
"Mega","Medium",15.39492963,4.813227646,196.7187138,"736","sonamkapoor","Sonam Kapoor Ahuja","Fashion","Modeling",34200000,"India","84.9K","100.5K"
"Mega","Medium",14.68622497,3.854732763,183.9145347,"4","kyliejenner","Kylie 游밼","Fashion","Modeling",376300000,"United States","2.7M","4.3M"
"Mega","Medium",14.68622497,3.854732763,183.9145347,"8","kimkardashian","Kim Kardashian","Fashion","Beauty",337400000,"United States","1.8M","2.6M"
"Mega","Medium",14.68622497,3.854732763,183.9145347,"736","sonamkapoor","Sonam Kapoor Ahuja","Fashion","Modeling",34200000,"India","84.9K","100.5K"
"Mega","High",32.07909439,4.158338824,342.6522282,"4","kyliejenner","Kylie 游밼","Fashion","Modeling",376300000,"United States","2.7M","4.3M"
"Mega","High",32.07909439,4.158338824,342.6522282,"8","kimkardashian","Kim Kardashian","Fashion","Beauty",337400000,"United States","1.8M","2.6M"
"Mega","High",32.07909439,4.158338824,342.6522282,"736","sonamkapoor","Sonam Kapoor Ahuja","Fashion","Modeling",34200000,"India","84.9K","100.5K"
"Mega","Low",14.81694261,5.930061418,95.0360686,"4","kyliejenner","Kylie 游밼","Fashion","Modeling",376300000,"United States","2.7M","4.3M"
"Mega","Low",14.81694261,5.930061418,95.0360686,"8","kimkardashian","Kim Kardashian","Fashion","Beauty",337400000,"United States","1.8M","2.6M"
"Mega","Low",14.81694261,5.930061418,95.0360686,"736","sonamkapoor","Sonam Kapoor Ahuja","Fashion","Modeling",34200000,"India","84.9K","100.5K"
"Mega","Medium",20.06195686,2.818226959,210.3024538,"4","kyliejenner","Kylie 游밼","Fashion","Modeling",376300000,"United States","2.7M","4.3M"
"Mega","Medium",20.06195686,2.818226959,210.3024538,"8","kimkardashian","Kim Kardashian","Fashion","Beauty",337400000,"United States","1.8M","2.6M"
"Mega","Medium",20.06195686,2.818226959,210.3024538,"736","sonamkapoor","Sonam Kapoor Ahuja","Fashion","Modeling",34200000,"India","84.9K","100.5K"
"Mega","Medium",12.39492222,0.742938135,176.9281077,"4","kyliejenner","Kylie 游밼","Fashion","Modeling",376300000,"United States","2.7M","4.3M"
"Mega","Medium",12.39492222,0.742938135,176.9281077,"8","kimkardashian","Kim Kardashian","Fashion","Beauty",337400000,"United States","1.8M","2.6M"
"Mega","Medium",12.39492222,0.742938135,176.9281077,"736","sonamkapoor","Sonam Kapoor Ahuja","Fashion","Modeling",34200000,"India","84.9K","100.5K"
"Mega","Low",9.282685174,3.055758381,76.99292807,"4","kyliejenner","Kylie 游밼","Fashion","Modeling",376300000,"United States","2.7M","4.3M"
"Mega","Low",9.282685174,3.055758381,76.99292807,"8","kimkardashian","Kim Kardashian","Fashion","Beauty",337400000,"United States","1.8M","2.6M"
"Mega","Low",9.282685174,3.055758381,76.99292807,"736","sonamkapoor","Sonam Kapoor Ahuja","Fashion","Modeling",34200000,"India","84.9K","100.5K"
"Mega","Medium",17.43919472,2.697972086,153.0511109,"4","kyliejenner","Kylie 游밼","Fashion","Modeling",376300000,"United States","2.7M","4.3M"
"Mega","Medium",17.43919472,2.697972086,153.0511109,"8","kimkardashian","Kim Kardashian","Fashion","Beauty",337400000,"United States","1.8M","2.6M"
"Mega","Medium",17.43919472,2.697972086,153.0511109,"736","sonamkapoor","Sonam Kapoor Ahuja","Fashion","Modeling",34200000,"India","84.9K","100.5K"
"Mega","Low",14.77598499,8.008030729,124.1659072,"4","kyliejenner","Kylie 游밼","Fashion","Modeling",376300000,"United States","2.7M","4.3M"
"Mega","Low",14.77598499,8.008030729,124.1659072,"8","kimkardashian","Kim Kardashian","Fashion","Beauty",337400000,"United States","1.8M","2.6M"
"Mega","Low",14.77598499,8.008030729,124.1659072,"736","sonamkapoor","Sonam Kapoor Ahuja","Fashion","Modeling",34200000,"India","84.9K","100.5K"
"Mega","Medium",24.40554207,6.450373512,197.083995,"4","kyliejenner","Kylie 游밼","Fashion","Modeling",376300000,"United States","2.7M","4.3M"
"Mega","Medium",24.40554207,6.450373512,197.083995,"8","kimkardashian","Kim Kardashian","Fashion","Beauty",337400000,"United States","1.8M","2.6M"
"Mega","Medium",24.40554207,6.450373512,197.083995,"736","sonamkapoor","Sonam Kapoor Ahuja","Fashion","Modeling",34200000,"India","84.9K","100.5K"
"Mega","Low",15.54358234,4.829662566,129.3323791,"4","kyliejenner","Kylie 游밼","Fashion","Modeling",376300000,"United States","2.7M","4.3M"
"Mega","Low",15.54358234,4.829662566,129.3323791,"8","kimkardashian","Kim Kardashian","Fashion","Beauty",337400000,"United States","1.8M","2.6M"
"Mega","Low",15.54358234,4.829662566,129.3323791,"736","sonamkapoor","Sonam Kapoor Ahuja","Fashion","Modeling",34200000,"India","84.9K","100.5K"
"Mega","Medium",2.451159611,1.932471284,201.4312428,"4","kyliejenner","Kylie 游밼","Fashion","Modeling",376300000,"United States","2.7M","4.3M"
"Mega","Medium",2.451159611,1.932471284,201.4312428,"8","kimkardashian","Kim Kardashian","Fashion","Beauty",337400000,"United States","1.8M","2.6M"
"Mega","Medium",2.451159611,1.932471284,201.4312428,"736","sonamkapoor","Sonam Kapoor Ahuja","Fashion","Modeling",34200000,"India","84.9K","100.5K"
"Mega","Low",2.565648922,2.035296833,37.59292526,"4","kyliejenner","Kylie 游밼","Fashion","Modeling",376300000,"United States","2.7M","4.3M"
"Mega","Low",2.565648922,2.035296833,37.59292526,"8","kimkardashian","Kim Kardashian","Fashion","Beauty",337400000,"United States","1.8M","2.6M"
"Mega","Low",2.565648922,2.035296833,37.59292526,"736","sonamkapoor","Sonam Kapoor Ahuja","Fashion","Modeling",34200000,"India","84.9K","100.5K"
"Mega","Medium",19.50772328,3.276653643,182.8887706,"4","kyliejenner","Kylie 游밼","Fashion","Modeling",376300000,"United States","2.7M","4.3M"
"Mega","Medium",19.50772328,3.276653643,182.8887706,"8","kimkardashian","Kim Kardashian","Fashion","Beauty",337400000,"United States","1.8M","2.6M"
"Mega","Medium",19.50772328,3.276653643,182.8887706,"736","sonamkapoor","Sonam Kapoor Ahuja","Fashion","Modeling",34200000,"India","84.9K","100.5K"
"Mega","Low",5.927109027,3.881455379,104.5832771,"4","kyliejenner","Kylie 游밼","Fashion","Modeling",376300000,"United States","2.7M","4.3M"
"Mega","Low",5.927109027,3.881455379,104.5832771,"8","kimkardashian","Kim Kardashian","Fashion","Beauty",337400000,"United States","1.8M","2.6M"
"Mega","Low",5.927109027,3.881455379,104.5832771,"736","sonamkapoor","Sonam Kapoor Ahuja","Fashion","Modeling",34200000,"India","84.9K","100.5K"
"Mega","High",25.30668459,8.030213252,332.6334624,"4","kyliejenner","Kylie 游밼","Fashion","Modeling",376300000,"United States","2.7M","4.3M"
"Mega","High",25.30668459,8.030213252,332.6334624,"8","kimkardashian","Kim Kardashian","Fashion","Beauty",337400000,"United States","1.8M","2.6M"
"Mega","High",25.30668459,8.030213252,332.6334624,"736","sonamkapoor","Sonam Kapoor Ahuja","Fashion","Modeling",34200000,"India","84.9K","100.5K"
"Mega","Medium",18.5065161,4.245568702,234.1596648,"4","kyliejenner","Kylie 游밼","Fashion","Modeling",376300000,"United States","2.7M","4.3M"
"Mega","Medium",18.5065161,4.245568702,234.1596648,"8","kimkardashian","Kim Kardashian","Fashion","Beauty",337400000,"United States","1.8M","2.6M"
"Mega","Medium",18.5065161,4.245568702,234.1596648,"736","sonamkapoor","Sonam Kapoor Ahuja","Fashion","Modeling",34200000,"India","84.9K","100.5K"
"Mega","High",16.70931471,1.792285775,269.7375692,"4","kyliejenner","Kylie 游밼","Fashion","Modeling",376300000,"United States","2.7M","4.3M"
"Mega","High",16.70931471,1.792285775,269.7375692,"8","kimkardashian","Kim Kardashian","Fashion","Beauty",337400000,"United States","1.8M","2.6M"
"Mega","High",16.70931471,1.792285775,269.7375692,"736","sonamkapoor","Sonam Kapoor Ahuja","Fashion","Modeling",34200000,"India","84.9K","100.5K"
"Mega","High",22.27671374,3.290079821,322.6677652,"4","kyliejenner","Kylie 游밼","Fashion","Modeling",376300000,"United States","2.7M","4.3M"
"Mega","High",22.27671374,3.290079821,322.6677652,"8","kimkardashian","Kim Kardashian","Fashion","Beauty",337400000,"United States","1.8M","2.6M"
"Mega","High",22.27671374,3.290079821,322.6677652,"736","sonamkapoor","Sonam Kapoor Ahuja","Fashion","Modeling",34200000,"India","84.9K","100.5K"
"Mega","Low",18.92451704,1.884703111,103.6206304,"4","kyliejenner","Kylie 游밼","Fashion","Modeling",376300000,"United States","2.7M","4.3M"
"Mega","Low",18.92451704,1.884703111,103.6206304,"8","kimkardashian","Kim Kardashian","Fashion","Beauty",337400000,"United States","1.8M","2.6M"
"Mega","Low",18.92451704,1.884703111,103.6206304,"736","sonamkapoor","Sonam Kapoor Ahuja","Fashion","Modeling",34200000,"India","84.9K","100.5K"
"Mega","Medium",25.10714076,7.154155755,201.3638581,"4","kyliejenner","Kylie 游밼","Fashion","Modeling",376300000,"United States","2.7M","4.3M"
"Mega","Medium",25.10714076,7.154155755,201.3638581,"8","kimkardashian","Kim Kardashian","Fashion","Beauty",337400000,"United States","1.8M","2.6M"
"Mega","Medium",25.10714076,7.154155755,201.3638581,"736","sonamkapoor","Sonam Kapoor Ahuja","Fashion","Modeling",34200000,"India","84.9K","100.5K"
"Mega","Low",11.50047978,0.639035727,95.2140988,"4","kyliejenner","Kylie 游밼","Fashion","Modeling",376300000,"United States","2.7M","4.3M"
"Mega","Low",11.50047978,0.639035727,95.2140988,"8","kimkardashian","Kim Kardashian","Fashion","Beauty",337400000,"United States","1.8M","2.6M"
"Mega","Low",11.50047978,0.639035727,95.2140988,"736","sonamkapoor","Sonam Kapoor Ahuja","Fashion","Modeling",34200000,"India","84.9K","100.5K"
"Mega","Low",7.75687576,2.572286867,67.57490362,"4","kyliejenner","Kylie 游밼","Fashion","Modeling",376300000,"United States","2.7M","4.3M"
"Mega","Low",7.75687576,2.572286867,67.57490362,"8","kimkardashian","Kim Kardashian","Fashion","Beauty",337400000,"United States","1.8M","2.6M"
"Mega","Low",7.75687576,2.572286867,67.57490362,"736","sonamkapoor","Sonam Kapoor Ahuja","Fashion","Modeling",34200000,"India","84.9K","100.5K"
"Mega","High",29.79930364,4.062496317,273.202171,"4","kyliejenner","Kylie 游밼","Fashion","Modeling",376300000,"United States","2.7M","4.3M"
"Mega","High",29.79930364,4.062496317,273.202171,"8","kimkardashian","Kim Kardashian","Fashion","Beauty",337400000,"United States","1.8M","2.6M"
"Mega","High",29.79930364,4.062496317,273.202171,"736","sonamkapoor","Sonam Kapoor Ahuja","Fashion","Modeling",34200000,"India","84.9K","100.5K"
"Mega","Medium",27.8250589,7.517227186,251.8373844,"4","kyliejenner","Kylie 游밼","Fashion","Modeling",376300000,"United States","2.7M","4.3M"
"Mega","Medium",27.8250589,7.517227186,251.8373844,"8","kimkardashian","Kim Kardashian","Fashion","Beauty",337400000,"United States","1.8M","2.6M"
"Mega","Medium",27.8250589,7.517227186,251.8373844,"736","sonamkapoor","Sonam Kapoor Ahuja","Fashion","Modeling",34200000,"India","84.9K","100.5K"
"Mega","High",28.18236541,4.826003841,353.0032234,"4","kyliejenner","Kylie 游밼","Fashion","Modeling",376300000,"United States","2.7M","4.3M"
"Mega","High",28.18236541,4.826003841,353.0032234,"8","kimkardashian","Kim Kardashian","Fashion","Beauty",337400000,"United States","1.8M","2.6M"
"Mega","High",28.18236541,4.826003841,353.0032234,"736","sonamkapoor","Sonam Kapoor Ahuja","Fashion","Modeling",34200000,"India","84.9K","100.5K"
"Mega","Low",8.556137899,2.255180617,79.28170883,"4","kyliejenner","Kylie 游밼","Fashion","Modeling",376300000,"United States","2.7M","4.3M"
"Mega","Low",8.556137899,2.255180617,79.28170883,"8","kimkardashian","Kim Kardashian","Fashion","Beauty",337400000,"United States","1.8M","2.6M"
"Mega","Low",8.556137899,2.255180617,79.28170883,"736","sonamkapoor","Sonam Kapoor Ahuja","Fashion","Modeling",34200000,"India","84.9K","100.5K"
"Mega","Medium",20.48868764,5.290458667,202.3547575,"4","kyliejenner","Kylie 游밼","Fashion","Modeling",376300000,"United States","2.7M","4.3M"
"Mega","Medium",20.48868764,5.290458667,202.3547575,"8","kimkardashian","Kim Kardashian","Fashion","Beauty",337400000,"United States","1.8M","2.6M"
"Mega","Medium",20.48868764,5.290458667,202.3547575,"736","sonamkapoor","Sonam Kapoor Ahuja","Fashion","Modeling",34200000,"India","84.9K","100.5K"
"Mega","Low",5.26644146,1.353228723,98.37497073,"4","kyliejenner","Kylie 游밼","Fashion","Modeling",376300000,"United States","2.7M","4.3M"
"Mega","Low",5.26644146,1.353228723,98.37497073,"8","kimkardashian","Kim Kardashian","Fashion","Beauty",337400000,"United States","1.8M","2.6M"
"Mega","Low",5.26644146,1.353228723,98.37497073,"736","sonamkapoor","Sonam Kapoor Ahuja","Fashion","Modeling",34200000,"India","84.9K","100.5K"
"Mega","High",32.16505613,5.313501318,299.831784,"4","kyliejenner","Kylie 游밼","Fashion","Modeling",376300000,"United States","2.7M","4.3M"
"Mega","High",32.16505613,5.313501318,299.831784,"8","kimkardashian","Kim Kardashian","Fashion","Beauty",337400000,"United States","1.8M","2.6M"
"Mega","High",32.16505613,5.313501318,299.831784,"736","sonamkapoor","Sonam Kapoor Ahuja","Fashion","Modeling",34200000,"India","84.9K","100.5K"
"Mega","Low",4.561312156,1.652759623,104.1503565,"4","kyliejenner","Kylie 游밼","Fashion","Modeling",376300000,"United States","2.7M","4.3M"
"Mega","Low",4.561312156,1.652759623,104.1503565,"8","kimkardashian","Kim Kardashian","Fashion","Beauty",337400000,"United States","1.8M","2.6M"
"Mega","Low",4.561312156,1.652759623,104.1503565,"736","sonamkapoor","Sonam Kapoor Ahuja","Fashion","Modeling",34200000,"India","84.9K","100.5K"
"Mega","Low",5.121271546,0.875164961,122.8236586,"4","kyliejenner","Kylie 游밼","Fashion","Modeling",376300000,"United States","2.7M","4.3M"
"Mega","Low",5.121271546,0.875164961,122.8236586,"8","kimkardashian","Kim Kardashian","Fashion","Beauty",337400000,"United States","1.8M","2.6M"
"Mega","Low",5.121271546,0.875164961,122.8236586,"736","sonamkapoor","Sonam Kapoor Ahuja","Fashion","Modeling",34200000,"India","84.9K","100.5K"
"Mega","Low",16.68732493,0.377600773,119.2920553,"4","kyliejenner","Kylie 游밼","Fashion","Modeling",376300000,"United States","2.7M","4.3M"
"Mega","Low",16.68732493,0.377600773,119.2920553,"8","kimkardashian","Kim Kardashian","Fashion","Beauty",337400000,"United States","1.8M","2.6M"
"Mega","Low",16.68732493,0.377600773,119.2920553,"736","sonamkapoor","Sonam Kapoor Ahuja","Fashion","Modeling",34200000,"India","84.9K","100.5K"
"Mega","Low",7.886447626,1.758378079,124.2568582,"4","kyliejenner","Kylie 游밼","Fashion","Modeling",376300000,"United States","2.7M","4.3M"
"Mega","Low",7.886447626,1.758378079,124.2568582,"8","kimkardashian","Kim Kardashian","Fashion","Beauty",337400000,"United States","1.8M","2.6M"
"Mega","Low",7.886447626,1.758378079,124.2568582,"736","sonamkapoor","Sonam Kapoor Ahuja","Fashion","Modeling",34200000,"India","84.9K","100.5K"
"Mega","Medium",15.24125873,3.849375364,193.101443,"4","kyliejenner","Kylie 游밼","Fashion","Modeling",376300000,"United States","2.7M","4.3M"
"Mega","Medium",15.24125873,3.849375364,193.101443,"8","kimkardashian","Kim Kardashian","Fashion","Beauty",337400000,"United States","1.8M","2.6M"
"Mega","Medium",15.24125873,3.849375364,193.101443,"736","sonamkapoor","Sonam Kapoor Ahuja","Fashion","Modeling",34200000,"India","84.9K","100.5K"
"Mega","Medium",22.28131803,5.024264569,237.488704,"4","kyliejenner","Kylie 游밼","Fashion","Modeling",376300000,"United States","2.7M","4.3M"
"Mega","Medium",22.28131803,5.024264569,237.488704,"8","kimkardashian","Kim Kardashian","Fashion","Beauty",337400000,"United States","1.8M","2.6M"
"Mega","Medium",22.28131803,5.024264569,237.488704,"736","sonamkapoor","Sonam Kapoor Ahuja","Fashion","Modeling",34200000,"India","84.9K","100.5K"
"Mega","Medium",12.79549978,1.228337955,156.070975,"4","kyliejenner","Kylie 游밼","Fashion","Modeling",376300000,"United States","2.7M","4.3M"
"Mega","Medium",12.79549978,1.228337955,156.070975,"8","kimkardashian","Kim Kardashian","Fashion","Beauty",337400000,"United States","1.8M","2.6M"
"Mega","Medium",12.79549978,1.228337955,156.070975,"736","sonamkapoor","Sonam Kapoor Ahuja","Fashion","Modeling",34200000,"India","84.9K","100.5K"
"Mega","Medium",11.41018973,2.206969456,156.3562456,"4","kyliejenner","Kylie 游밼","Fashion","Modeling",376300000,"United States","2.7M","4.3M"
"Mega","Medium",11.41018973,2.206969456,156.3562456,"8","kimkardashian","Kim Kardashian","Fashion","Beauty",337400000,"United States","1.8M","2.6M"
"Mega","Medium",11.41018973,2.206969456,156.3562456,"736","sonamkapoor","Sonam Kapoor Ahuja","Fashion","Modeling",34200000,"India","84.9K","100.5K"
"Mega","Low",4.079788849,0.922612615,81.13090923,"4","kyliejenner","Kylie 游밼","Fashion","Modeling",376300000,"United States","2.7M","4.3M"
"Mega","Low",4.079788849,0.922612615,81.13090923,"8","kimkardashian","Kim Kardashian","Fashion","Beauty",337400000,"United States","1.8M","2.6M"
"Mega","Low",4.079788849,0.922612615,81.13090923,"736","sonamkapoor","Sonam Kapoor Ahuja","Fashion","Modeling",34200000,"India","84.9K","100.5K"
"Mega","High",22.15841736,2.535527683,263.5079422,"4","kyliejenner","Kylie 游밼","Fashion","Modeling",376300000,"United States","2.7M","4.3M"
"Mega","High",22.15841736,2.535527683,263.5079422,"8","kimkardashian","Kim Kardashian","Fashion","Beauty",337400000,"United States","1.8M","2.6M"
"Mega","High",22.15841736,2.535527683,263.5079422,"736","sonamkapoor","Sonam Kapoor Ahuja","Fashion","Modeling",34200000,"India","84.9K","100.5K"
"Mega","High",27.93358042,5.902596689,276.098803,"4","kyliejenner","Kylie 游밼","Fashion","Modeling",376300000,"United States","2.7M","4.3M"
"Mega","High",27.93358042,5.902596689,276.098803,"8","kimkardashian","Kim Kardashian","Fashion","Beauty",337400000,"United States","1.8M","2.6M"
"Mega","High",27.93358042,5.902596689,276.098803,"736","sonamkapoor","Sonam Kapoor Ahuja","Fashion","Modeling",34200000,"India","84.9K","100.5K"
"Mega","Medium",19.40080063,5.766919399,189.9818855,"4","kyliejenner","Kylie 游밼","Fashion","Modeling",376300000,"United States","2.7M","4.3M"
"Mega","Medium",19.40080063,5.766919399,189.9818855,"8","kimkardashian","Kim Kardashian","Fashion","Beauty",337400000,"United States","1.8M","2.6M"
"Mega","Medium",19.40080063,5.766919399,189.9818855,"736","sonamkapoor","Sonam Kapoor Ahuja","Fashion","Modeling",34200000,"India","84.9K","100.5K"
"Mega","High",39.52760349,3.778663467,347.9878618,"4","kyliejenner","Kylie 游밼","Fashion","Modeling",376300000,"United States","2.7M","4.3M"
"Mega","High",39.52760349,3.778663467,347.9878618,"8","kimkardashian","Kim Kardashian","Fashion","Beauty",337400000,"United States","1.8M","2.6M"
"Mega","High",39.52760349,3.778663467,347.9878618,"736","sonamkapoor","Sonam Kapoor Ahuja","Fashion","Modeling",34200000,"India","84.9K","100.5K"
"Mega","High",35.94267446,3.479529086,280.1191449,"4","kyliejenner","Kylie 游밼","Fashion","Modeling",376300000,"United States","2.7M","4.3M"
"Mega","High",35.94267446,3.479529086,280.1191449,"8","kimkardashian","Kim Kardashian","Fashion","Beauty",337400000,"United States","1.8M","2.6M"
"Mega","High",35.94267446,3.479529086,280.1191449,"736","sonamkapoor","Sonam Kapoor Ahuja","Fashion","Modeling",34200000,"India","84.9K","100.5K"
"Mega","Low",1.530848403,1.171052492,129.5969547,"4","kyliejenner","Kylie 游밼","Fashion","Modeling",376300000,"United States","2.7M","4.3M"
"Mega","Low",1.530848403,1.171052492,129.5969547,"8","kimkardashian","Kim Kardashian","Fashion","Beauty",337400000,"United States","1.8M","2.6M"
"Mega","Low",1.530848403,1.171052492,129.5969547,"736","sonamkapoor","Sonam Kapoor Ahuja","Fashion","Modeling",34200000,"India","84.9K","100.5K"
"Mega","Low",16.10246464,4.881430652,74.81459598,"4","kyliejenner","Kylie 游밼","Fashion","Modeling",376300000,"United States","2.7M","4.3M"
"Mega","Low",16.10246464,4.881430652,74.81459598,"8","kimkardashian","Kim Kardashian","Fashion","Beauty",337400000,"United States","1.8M","2.6M"
"Mega","Low",16.10246464,4.881430652,74.81459598,"736","sonamkapoor","Sonam Kapoor Ahuja","Fashion","Modeling",34200000,"India","84.9K","100.5K"
"Mega","High",26.19652482,5.181134485,286.7701102,"4","kyliejenner","Kylie 游밼","Fashion","Modeling",376300000,"United States","2.7M","4.3M"
"Mega","High",26.19652482,5.181134485,286.7701102,"8","kimkardashian","Kim Kardashian","Fashion","Beauty",337400000,"United States","1.8M","2.6M"
"Mega","High",26.19652482,5.181134485,286.7701102,"736","sonamkapoor","Sonam Kapoor Ahuja","Fashion","Modeling",34200000,"India","84.9K","100.5K"
"Mega","High",28.11017133,7.3581693,297.6267313,"4","kyliejenner","Kylie 游밼","Fashion","Modeling",376300000,"United States","2.7M","4.3M"
"Mega","High",28.11017133,7.3581693,297.6267313,"8","kimkardashian","Kim Kardashian","Fashion","Beauty",337400000,"United States","1.8M","2.6M"
"Mega","High",28.11017133,7.3581693,297.6267313,"736","sonamkapoor","Sonam Kapoor Ahuja","Fashion","Modeling",34200000,"India","84.9K","100.5K"
"Mega","Medium",26.16107046,3.582985818,247.4803463,"4","kyliejenner","Kylie 游밼","Fashion","Modeling",376300000,"United States","2.7M","4.3M"
"Mega","Medium",26.16107046,3.582985818,247.4803463,"8","kimkardashian","Kim Kardashian","Fashion","Beauty",337400000,"United States","1.8M","2.6M"
"Mega","Medium",26.16107046,3.582985818,247.4803463,"736","sonamkapoor","Sonam Kapoor Ahuja","Fashion","Modeling",34200000,"India","84.9K","100.5K"
"Mega","Low",11.33818605,3.13e-05,67.66681205,"4","kyliejenner","Kylie 游밼","Fashion","Modeling",376300000,"United States","2.7M","4.3M"
"Mega","Low",11.33818605,3.13e-05,67.66681205,"8","kimkardashian","Kim Kardashian","Fashion","Beauty",337400000,"United States","1.8M","2.6M"
"Mega","Low",11.33818605,3.13e-05,67.66681205,"736","sonamkapoor","Sonam Kapoor Ahuja","Fashion","Modeling",34200000,"India","84.9K","100.5K"
"Mega","High",39.22119838,10.42085288,336.8884053,"4","kyliejenner","Kylie 游밼","Fashion","Modeling",376300000,"United States","2.7M","4.3M"
"Mega","High",39.22119838,10.42085288,336.8884053,"8","kimkardashian","Kim Kardashian","Fashion","Beauty",337400000,"United States","1.8M","2.6M"
"Mega","High",39.22119838,10.42085288,336.8884053,"736","sonamkapoor","Sonam Kapoor Ahuja","Fashion","Modeling",34200000,"India","84.9K","100.5K"
"Mega","Medium",4.510233003,0.651581966,148.9073606,"4","kyliejenner","Kylie 游밼","Fashion","Modeling",376300000,"United States","2.7M","4.3M"
"Mega","Medium",4.510233003,0.651581966,148.9073606,"8","kimkardashian","Kim Kardashian","Fashion","Beauty",337400000,"United States","1.8M","2.6M"
"Mega","Medium",4.510233003,0.651581966,148.9073606,"736","sonamkapoor","Sonam Kapoor Ahuja","Fashion","Modeling",34200000,"India","84.9K","100.5K"
"Mega","Medium",22.33436079,3.378794858,156.9208771,"4","kyliejenner","Kylie 游밼","Fashion","Modeling",376300000,"United States","2.7M","4.3M"
"Mega","Medium",22.33436079,3.378794858,156.9208771,"8","kimkardashian","Kim Kardashian","Fashion","Beauty",337400000,"United States","1.8M","2.6M"
"Mega","Medium",22.33436079,3.378794858,156.9208771,"736","sonamkapoor","Sonam Kapoor Ahuja","Fashion","Modeling",34200000,"India","84.9K","100.5K"
"Mega","Medium",28.75170232,6.739499589,244.9267479,"4","kyliejenner","Kylie 游밼","Fashion","Modeling",376300000,"United States","2.7M","4.3M"
"Mega","Medium",28.75170232,6.739499589,244.9267479,"8","kimkardashian","Kim Kardashian","Fashion","Beauty",337400000,"United States","1.8M","2.6M"
"Mega","Medium",28.75170232,6.739499589,244.9267479,"736","sonamkapoor","Sonam Kapoor Ahuja","Fashion","Modeling",34200000,"India","84.9K","100.5K"
"Mega","Medium",11.75924833,5.010336123,147.8598054,"4","kyliejenner","Kylie 游밼","Fashion","Modeling",376300000,"United States","2.7M","4.3M"
"Mega","Medium",11.75924833,5.010336123,147.8598054,"8","kimkardashian","Kim Kardashian","Fashion","Beauty",337400000,"United States","1.8M","2.6M"
"Mega","Medium",11.75924833,5.010336123,147.8598054,"736","sonamkapoor","Sonam Kapoor Ahuja","Fashion","Modeling",34200000,"India","84.9K","100.5K"
